Link Name,Center of Mass X,Center of Mass Y,Center of Mass Z,Center of Mass Roll,Center of Mass Pitch,Center of Mass Yaw,Mass,Moment Ixx,Moment Ixy,Moment Ixz,Moment Iyy,Moment Iyz,Moment Izz,Visual X,Visual Y,Visual Z,Visual Roll,Visual Pitch,Visual Yaw,Mesh Filename,Color Red,Color Green,Color Blue,Color Alpha,Collision X,Collision Y,Collision Z,Collision Roll,Collision Pitch,Collision Yaw,Collision Mesh Filename,Material Name,SW Components,Coordinate System,Axis Name,Joint Name,Joint Type,Joint Origin X,Joint Origin Y,Joint Origin Z,Joint Origin Roll,Joint Origin Pitch,Joint Origin Yaw,Parent,Joint Axis X,Joint Axis Y,Joint Axis Z,Limit Effort,Limit Velocity,Limit Lower,Limit Upper,Calibration rising,Calibration falling,Dynamics Damping,Dynamics Friction,Safety Soft Upper,Safety Soft Lower,Safety K Position,Safety K Velocity
base_link,2.1961E-06,-0.031455,0.0009814,0,0,0,3.5795,0.0052144,3.7516E-07,-2.6672E-07,0.0089403,-2.7235E-05,0.0053427,0,0,0,0,0,0,package://Alicia0421/meshes/base_link.STL,0.59216,0.66667,0.68235,1,0,0,0,0,0,0,package://Alicia0421/meshes/base_link.STL,,Alicia_V1.6.prt-1/DiPan.prt-1;Alicia_V1.6.prt-1/DM4340-9NM.prt-2;Alicia_V1.6.prt-1/A0制动器.prt-2;Alicia_V1.6.prt-1/A1轴承架.prt-2;Alicia_V1.6.prt-1/A0盖子.prt-1,Origin_global,,,,0,0,0,0,0,0,,0,0,0,,,,,,,,,,,,
Link1,-0.0071825,-1.0002E-05,0.10355,0,0,0,2.9587,0.0032223,-5.344E-07,0.00010061,0.0031575,-1.5562E-07,0.0030243,0,0,0,0,0,0,package://Alicia0421/meshes/Link1.STL,1,0.6,0,1,0,0,0,0,0,0,package://Alicia0421/meshes/Link1.STL,,Alicia_V1.6.prt-1/A1转轴.prt-2;Alicia_V1.6.prt-1/A1转接板.prt-1;Alicia_V1.6.prt-1/DM4340-9NM.prt-1;Alicia_V1.6.prt-1/A0制动器.prt-1;Alicia_V1.6.prt-1/A1轴承架.prt-1;Alicia_V1.6.prt-1/A1机械臂.prt-1;Alicia_V1.6.prt-1/DM4340-9NM转子.prt-2;Alicia_V1.6.prt-1/法兰 DTHRT-10-14-20.prt-2,Origin_Joint1,基准轴1,Joint1,revolute,0,-0.0593,0,1.5708,0,0,base_link,0,0,1,12,3.15,-3.14,3.14,,,,,,,,
Link2,0.073662,-0.1276,0.053582,0,0,0,3.0982,0.0039289,0.00027436,2.7641E-05,0.0036345,-4.849E-05,0.0041667,0,0,0,0,0,0,package://Alicia0421/meshes/Link2.STL,1,0.6,0,1,0,0,0,0,0,0,package://Alicia0421/meshes/Link2.STL,,Alicia_V1.6.prt-1/A2转接板.prt-1;Alicia_V1.6.prt-1/A2机械臂 20240218.prt-1;Alicia_V1.6.prt-1/A2支臂-直段.prt-1;Alicia_V1.6.prt-1/A3电机.prt-4;Alicia_V1.6.prt-1/A3制动器.prt-4;Alicia_V1.6.prt-1/A2机械臂-2 20240225.prt-1;Alicia_V1.6.prt-1/A1转轴.prt-1;Alicia_V1.6.prt-1/DM4340-9NM转子.prt-1,Origin_Joint2,基准轴2,Joint2,revolute,-0.05855,0,0.1174,-1.5708,-0.5236,1.5708,Link1,0,0,1,12,3.15,-1.57,1.57,,,,,,,,
Link3,-0.14374,0.017042,0.077622,0,0,0,2.6245,0.0020023,3.3602E-05,-3.9689E-05,0.0022632,4.8269E-06,0.0022565,0,0,0,0,0,0,package://Alicia0421/meshes/Link3.STL,1,0.6,0,1,0,0,0,0,0,0,package://Alicia0421/meshes/Link3.STL,,Alicia_V1.6.prt-1/A3转轴.prt-4;Alicia_V1.6.prt-1/A3转接板2.prt-3;Alicia_V1.6.prt-1/A3机械臂 20240226.prt-1;Alicia_V1.6.prt-1/A3支臂-直段.prt-1;Alicia_V1.6.prt-1/A3电机.prt-3;Alicia_V1.6.prt-1/A3制动器.prt-3;Alicia_V1.6.prt-1/A3轴承架子-60002.prt-3;Alicia_V1.6.prt-1/A3机械臂-2 20240225.prt-1;Alicia_V1.6.prt-1/A3转子.prt-3;Alicia_V1.6.prt-1/法兰 DTHRT-10-14-20.prt-3,Origin_Joint3,基准轴3,Joint3,revolute,0.1315,-0.22776,0.039,3.1416,0,1.9764,Link2,0,0,-1,7,3.15,-3.14,3.14,,,,,,,,
Link4,0.0072078,-0.012507,0.085681,0,0,0,1.9968,0.0013926,2.003E-05,-3.4176E-05,0.0013654,5.8834E-05,0.001347,0,0,0,0,0,0,package://Alicia0421/meshes/Link4.STL,1,0.6,0,1,0,0,0,0,0,0,package://Alicia0421/meshes/Link4.STL,,Alicia_V1.6.prt-1/A3转轴.prt-3;Alicia_V1.6.prt-1/A3转接板2.prt-2;Alicia_V1.6.prt-1/A3电机.prt-1;Alicia_V1.6.prt-1/A3制动器.prt-2;Alicia_V1.6.prt-1/A3轴承架子-60002.prt-2;Alicia_V1.6.prt-1/转子_翎控Mmg4005e-i30v3.prt-1;Alicia_V1.6.prt-1/A4机械臂 20240226.prt-1,Origin_Joint4,基准轴4,Joint4,revolute,-0.22145,0.026259,0.06705,3.1416,0,1.9764,Link3,0,0,-1,7,3.15,-3.14,3.14,,,,,,,,
Link5,-0.01713,-8.1655E-06,0.083775,0,0,0,2.0172,0.0012967,4.5215E-07,1.8272E-05,0.0016093,-2.8399E-07,0.0016607,0,0,0,0,0,0,package://Alicia0421/meshes/Link5.STL,1,0.6,0,1,0,0,0,0,0,0,package://Alicia0421/meshes/Link5.STL,,Alicia_V1.6.prt-1/A3转子.prt-2;Alicia_V1.6.prt-1/A3转轴.prt-2;Alicia_V1.6.prt-1/A3转接板2.prt-1;Alicia_V1.6.prt-1/A3电机.prt-2;Alicia_V1.6.prt-1/A3制动器.prt-1;Alicia_V1.6.prt-1/A3轴承架子-60002.prt-1;Alicia_V1.6.prt-1/A5机械臂 20240226.prt-1,Origin_Joint5,基准轴5,Joint5,revolute,0.01275,-0.022084,0.09755,1.0472,1.5708,0,Link4,0,0,1,2,3.15,-3.14,3.14,,,,,,,,
Link6,-0.0070414,-0.00095826,-0.089958,0,0,0,0.85167,0.00018811,-1.8171E-07,-5.5222E-07,0.0001499,7.5031E-07,0.00016856,0,0,0,0,0,0,package://Alicia0421/meshes/Link6.STL,1,0.6,0,1,0,0,0,0,0,0,package://Alicia0421/meshes/Link6.STL,,Alicia_V1.6.prt-1/A3转子.prt-1;Alicia_V1.6.prt-1/A3转轴.prt-1;Alicia_V1.6.prt-1/法兰 DTHRT-10-14-20.prt-1;Alicia_V1.6.prt-1/A6外面板.prt-1;Alicia_V1.6.prt-1/二指舵机_stp.prt-1,Origin_Joint6,基准轴6,Joint6,revolute,-0.0255,0,0.0918,0,-1.5708,0,Link5,0,0,-1,2,3.15,-3.14,3.14,,,,,,,,
